Ad Unit Name,Size,Site,gamAdUnit,adyoulike.placement,appnexus.placement_id,kargo.placementId,nextMillennium.placement_id,pgamssp.placementId,seedtag.placement,seedtag.adUnitId,triplelift.inventoryCode,geniee.zoneId
left-rail-1,300x250,amvgg.com,amvgg.com/left-rail-1,0b6670e89fc5152f385f05dcace118a8,,,82375,16473,,,,
left-rail-2,300x600,amvgg.com,amvgg.com/left-rail-2,d38c91963367413b19cac12175161fc7,,,82376,16474,,,,
right-rail-1,300x250,amvgg.com,amvgg.com/right-rail-1,0b6670e89fc5152f385f05dcace118a8,,,82377,16475,,,,
right-rail-2,300x600,amvgg.com,amvgg.com/right-rail-2,d38c91963367413b19cac12175161fc7,,,82378,16476,,,,
leaderboard-(.*),728x90,amvgg.com,amvgg.com/leaderboard,81cded6577753d91e46630a79d8142d6,,,82379,16477,,,,
mobile-unit-(.*),300x250,amvgg.com,amvgg.com/mobile-unit,8d441d426adeaea9fc671c162e42adc1,,,82380,16478,,,,
anchor,1000x100,amvgg.com,amvgg.com/anchor,3fdb35aaca880ae9a1c99299649805f0,,,82381,16479,inScreen,36762011,,
billboard-(.*),970x250,amvgg.com,amvgg.com/billboard,c3db67f8eb975055504bf15dd06fc439,,,82382,16480,,,,
video,300x169,amvgg.com,amvgg.com/video,,,,82383,16481,,,,
left-rail-1,300x250,bloxgamers.com,bloxgamers.com/left-rail-1,0b6670e89fc5152f385f05dcace118a8,,,,16482,inBanner,37150554,,
left-rail-2,300x600,bloxgamers.com,bloxgamers.com/left-rail-2,d38c91963367413b19cac12175161fc7,,,,16483,inBanner,37150554,,
right-rail-2,300x600,bloxgamers.com,bloxgamers.com/right-rail-2,d38c91963367413b19cac12175161fc7,,,,16484,inBanner,37150554,,
right-rail-1,300x250,bloxgamers.com,bloxgamers.com/right-rail-1,0b6670e89fc5152f385f05dcace118a8,,,,16485,inBanner,37150555,,
billboard-(.*),970x250,bloxgamers.com,bloxgamers.com/billboard,c3db67f8eb975055504bf15dd06fc439,,,,16486,inBanner,37150555,,
leaderboard-(.*),728x90,bloxgamers.com,bloxgamers.com/leaderboard,81cded6577753d91e46630a79d8142d6,,,,16487,inBanner,37150555,,
anchor,1000x100,bloxgamers.com,bloxgamers.com/anchor,3fdb35aaca880ae9a1c99299649805f0,,,,16488,inScreen,37150552,,
video,300x169,bloxgamers.com,bloxgamers.com/video,,,,,16489,inStream,37150556,,
mobile-unit-(.*),300x250,bloxgamers.com,bloxgamers.com/mobile-unit,8d441d426adeaea9fc671c162e42adc1,,,,16490,inArticle,37150553,,
left-rail-1,300x250,breakingpoint.gg,breakingpoint.gg/left-rail-1,0b6670e89fc5152f385f05dcace118a8,,,,,,,,
right-rail-2,300x600,breakingpoint.gg,breakingpoint.gg/right-rail-2,d38c91963367413b19cac12175161fc7,,,,,,,,
right-rail-1,300x250,breakingpoint.gg,breakingpoint.gg/right-rail-1,0b6670e89fc5152f385f05dcace118a8,,,,,,,,
billboard-(.*),970x250,breakingpoint.gg,breakingpoint.gg/billboard,c3db67f8eb975055504bf15dd06fc439,,,,,,,,
leaderboard-(.*),728x90,breakingpoint.gg,breakingpoint.gg/leaderboard,81cded6577753d91e46630a79d8142d6,,,,,,,,
anchor,1000x100,breakingpoint.gg,breakingpoint.gg/anchor,3fdb35aaca880ae9a1c99299649805f0,,,,,,,,
mobile-unit-(.*),300x250,breakingpoint.gg,breakingpoint.gg/mobile-unit,8d441d426adeaea9fc671c162e42adc1,,,,,,,,
video,300x169,breakingpoint.gg,breakingpoint.gg/video,,,,,,,,,
left-rail-2,300x600,breakingpoint.gg,breakingpoint.gg/left-rail-2,d38c91963367413b19cac12175161fc7,,,,,,,,
left-rail-1,300x250,cancelwise.com,cancelwise.com/left-rail-1,0b6670e89fc5152f385f05dcace118a8,,_msM6yZalyh,,14966,inBanner,36762029,,
left-rail-2,300x600,cancelwise.com,cancelwise.com/left-rail-2,d38c91963367413b19cac12175161fc7,,_s4ijeWZMgx,,14967,inBanner,36762029,,
right-rail-1,300x250,cancelwise.com,cancelwise.com/right-rail-1,0b6670e89fc5152f385f05dcace118a8,,_msM6yZalyh,,14968,inBanner,36762029,,
right-rail-2,300x600,cancelwise.com,cancelwise.com/right-rail-2,d38c91963367413b19cac12175161fc7,,_s4ijeWZMgx,,14969,inBanner,36762029,,
video,300x169,cancelwise.com,cancelwise.com/video,,,,,,inStream,36762031,,
mobile-unit-(.*),300x250,cancelwise.com,cancelwise.com/mobile-unit,8d441d426adeaea9fc671c162e42adc1,,_fTsnKhXKfs,,14971,inBanner,36762030,,
billboard-(.*),970x250,cancelwise.com,cancelwise.com/billboard,c3db67f8eb975055504bf15dd06fc439,,_h160zXD5Qw,,14972,inBanner,36762030,,
leaderboard-(.*),728x90,cancelwise.com,cancelwise.com/leaderboard,81cded6577753d91e46630a79d8142d6,,_h160zXD5Qw,,14974,inBanner,36762030,,
anchor,1000x100,cancelwise.com,cancelwise.com/anchor,3fdb35aaca880ae9a1c99299649805f0,,,,14973,inScreen,36762028,,
left-rail-1,300x250,dpm.lol,dpm.lol/left-rail-1,0b6670e89fc5152f385f05dcace118a8,36489844,_t1Y0Op986J,63213,5405,inBanner,37112771,RevIQ_RON_300x250_PBc2s,
leaderboard,728x90,dpm.lol,dpm.lol/leaderboard,81cded6577753d91e46630a79d8142d6,36489844,_moGIZYEjmg,63217,5407,inBanner,37112771,RevIQ_RON_HDX_PBc2s,
billboard,970x250,dpm.lol,dpm.lol/billboard,c3db67f8eb975055504bf15dd06fc439,36489844,,63217,14453,inBanner,37112772,RevIQ_RON_HDX_PBc2s,
anchor,1000x100,dpm.lol,dpm.lol/anchor,3fdb35aaca880ae9a1c99299649805f0,36489844,,63218,5408,inScreen,37112769,RevIQ_RON_HDX_PBc2s,
video,400x225,dpm.lol,dpm.lol/video,,,,63220,,inStream,37112774,,
left-rail-2,300x600,dpm.lol,dpm.lol/left-rail-2,d38c91963367413b19cac12175161fc7,36489844,_t1Y0Op986J,63214,5406,inBanner,37112772,RevIQ_RON_300x600_PBc2s,
mobile-unit-(.*),300x250,dpm.lol,dpm.lol/mobile-unit,8d441d426adeaea9fc671c162e42adc1,36489844,_i5JNRgNQ7t,63221,5405,inArticle,37112770,RevIQ_RON_Mobile_300x250_PBc2s,
right-rail-2,300x600,dpm.lol,dpm.lol/right-rail-2,d38c91963367413b19cac12175161fc7,36489844,_t1Y0Op986J,63216,5406,inBanner,37112773,RevIQ_RON_300x600_PBc2s,
right-rail-1,300x250,dpm.lol,dpm.lol/right-rail-1,0b6670e89fc5152f385f05dcace118a8,36489844,_t1Y0Op986J,63215,5405,inBanner,37112773,RevIQ_RON_300x250_PBc2s,
left-rail-1,300x250,etoland.co.kr,etoland.co.kr/left-rail-1,0b6670e89fc5152f385f05dcace118a8,36591226,_jcOsZzJXxG,,14826,inBanner,36762013,,
right-rail-1,300x250,etoland.co.kr,etoland.co.kr/right-rail-1,0b6670e89fc5152f385f05dcace118a8,36591223,_jcOsZzJXxG,,14828,inBanner,36762013,,
right-rail-2,300x600,etoland.co.kr,etoland.co.kr/right-rail-2,d38c91963367413b19cac12175161fc7,36591224,_iK3aVnhL44,,14829,inBanner,36762013,,
inline-block-(.*),300x250,etoland.co.kr,etoland.co.kr/inline-block,0b6670e89fc5152f385f05dcace118a8,36591223,_c2C86F6xuX,,14831,inBanner,36762014,,
left-rail-2,300x600,etoland.co.kr,etoland.co.kr/left-rail-2,d38c91963367413b19cac12175161fc7,36591227,_iK3aVnhL44,,14827,inBanner,36762013,,
inline-video,300x169,etoland.co.kr,etoland.co.kr/inline-video,,,,,,inStream,36762015,,
inline-mobile-(.*),300x250,etoland.co.kr,etoland.co.kr/inline-mobile,0b6670e89fc5152f385f05dcace118a8,36591228,_c2C86F6xuX,,14833,inArticle,36762012,,
left-rail-1,300x250,fellsims.com,fellsims.com/left-rail-1,0b6670e89fc5152f385f05dcace118a8,,,,15538,inBanner,37112764,,
left-rail-2,300x600,fellsims.com,fellsims.com/left-rail-2,d38c91963367413b19cac12175161fc7,,,,15539,inBanner,37112764,,
right-rail-1,300x250,fellsims.com,fellsims.com/right-rail-1,0b6670e89fc5152f385f05dcace118a8,,,,15540,inBanner,37112765,,
right-rail-2,300x600,fellsims.com,fellsims.com/right-rail-2,d38c91963367413b19cac12175161fc7,,,,15541,inBanner,37112765,,
video,300x169,fellsims.com,fellsims.com/video,,,,,,inStream,37112767,,
mobile-unit-(.*),300x250,fellsims.com,fellsims.com/mobile-unit,8d441d426adeaea9fc671c162e42adc1,,,,15543,inArticle,37112763,,
anchor,1000x100,fellsims.com,fellsims.com/anchor,3fdb35aaca880ae9a1c99299649805f0,,,,15544,inScreen,37112762,,
billboard-(.*),970x250,fellsims.com,fellsims.com/billboard,c3db67f8eb975055504bf15dd06fc439,,,,15545,inBanner,37112766,,
leaderboard-(.*),728x90,fellsims.com,fellsims.com/leaderboard,81cded6577753d91e46630a79d8142d6,,,,15546,inBanner,37112766,,
right-rail-1,300x250,gamepix.com,gamepix.com/right-rail-1,d38c91963367413b19cac12175161fc7,,_nufurzZIwT,56867,2767,inBanner,36380427,,
left-rail-2,300x600,gamepix.com,gamepix.com/left-rail-2,d38c91963367413b19cac12175161fc7,,_nufurzZIwT,56870,2766,inBanner,36380426,,
leaderboard,1000x100,gamepix.com,gamepix.com/leaderboard,3fdb35aaca880ae9a1c99299649805f0,,_n77VPWn1ko,56872,2769,,,,
left-rail-1,300x250,gamepix.com,gamepix.com/left-rail-1,d38c91963367413b19cac12175161fc7,,_nufurzZIwT,56869,2767,inBanner,36380426,,
bottom-sticky,1000x100,gamepix.com,gamepix.com/bottom-sticky,3fdb35aaca880ae9a1c99299649805f0,,,56871,2769,inScreen,36380425,,
interstitial,0x0,gamepix.com,gamepix.com/interstitial,,,,77207,14458,,,,
billboard,970x250,gamepix.com,gamepix.com/billboard,3fdb35aaca880ae9a1c99299649805f0,,,77083,14457,inBanner,36380426,,
right-rail-2,300x600,gamepix.com,gamepix.com/right-rail-2,d38c91963367413b19cac12175161fc7,,_nufurzZIwT,56868,2766,inBanner,36380427,,
video,400x225,gamepix.com,gamepix.com/video,,,,61064,,,,,
portals-right-rail-2,300x600,games.op.gg,games.op.gg/portals-right-rail-2,d38c91963367413b19cac12175161fc7,,_nufurzZIwT,56868,14434,inBanner,37125500,,
portals-right-rail-1,300x600,games.op.gg,games.op.gg/portals-right-rail-1,d38c91963367413b19cac12175161fc7,,_nufurzZIwT,56868,14433,inBanner,37125500,,
portals-left-rail-2,300x600,games.op.gg,games.op.gg/portals-left-rail-2,d38c91963367413b19cac12175161fc7,,_nufurzZIwT,56868,14436,inBanner,37125500,,
portals-leaderboard,970x90,games.op.gg,games.op.gg/portals-leaderboard,3fdb35aaca880ae9a1c99299649805f0,,_n77VPWn1ko,56872,14438,inBanner,37125501,,
portals-left-rail-1,160x600,games.op.gg,games.op.gg/portals-left-rail-1,d38c91963367413b19cac12175161fc7,,_nufurzZIwT,56869,14435,inBanner,37125501,,
portals-bottom-sticky,1000x100,games.op.gg,games.op.gg/portals-bottom-sticky,3fdb35aaca880ae9a1c99299649805f0,,_n77VPWn1ko,56871,14437,inScreen,37125499,,
left-rail-1,300x250,genshin-builds.com,genshin-builds.com/left-rail-1,0b6670e89fc5152f385f05dcace118a8,,_jr8hYbz2mn,78061,14975,inBanner,36762033,,
left-rail-2,300x600,genshin-builds.com,genshin-builds.com/left-rail-2,d38c91963367413b19cac12175161fc7,,_wYIcUVhH9l,78062,14976,inBanner,36762033,,
right-rail-1,300x250,genshin-builds.com,genshin-builds.com/right-rail-1,0b6670e89fc5152f385f05dcace118a8,,_jr8hYbz2mn,78063,14977,inBanner,36762033,,
right-rail-2,300x600,genshin-builds.com,genshin-builds.com/right-rail-2,d38c91963367413b19cac12175161fc7,,_wYIcUVhH9l,78064,14978,inBanner,36762033,,
video,300x169,genshin-builds.com,genshin-builds.com/video,,,,78065,,inStream,36762035,,
mobile-unit-(.*),300x250,genshin-builds.com,genshin-builds.com/mobile-unit,8d441d426adeaea9fc671c162e42adc1,,_otl4doa0PI,78066,14980,inBanner,36762034,,
billboard-(.*),970x250,genshin-builds.com,genshin-builds.com/billboard,c3db67f8eb975055504bf15dd06fc439,,_gbJjSLvwma,78067,14981,inBanner,36762034,,
leaderboard-(.*),728x90,genshin-builds.com,genshin-builds.com/leaderboard,81cded6577753d91e46630a79d8142d6,,_gbJjSLvwma,78069,14983,inBanner,36762034,,
anchor,1000x100,genshin-builds.com,genshin-builds.com/anchor,3fdb35aaca880ae9a1c99299649805f0,,,78068,14982,inScreen,36762032,,
left-rail-2,300x600,growagardengame.com,growagardengame.com/left-rail-2,d38c91963367413b19cac12175161fc7,,,,,inBanner,36762002,,
left-rail-1,300x250,growagardengame.com,growagardengame.com/left-rail-1,0b6670e89fc5152f385f05dcace118a8,,,,,inBanner,36762002,,
right-rail-1,300x250,growagardengame.com,growagardengame.com/right-rail-1,0b6670e89fc5152f385f05dcace118a8,,,,,inBanner,36762002,,
right-rail-2,300x600,growagardengame.com,growagardengame.com/right-rail-2,d38c91963367413b19cac12175161fc7,,,,,inBanner,36762002,,
leaderboard-(.*),728x90,growagardengame.com,growagardengame.com/leaderboard,81cded6577753d91e46630a79d8142d6,,,,,,,,
billboard-(.*),970x250,growagardengame.com,growagardengame.com/billboard,c3db67f8eb975055504bf15dd06fc439,,,,,inBanner,36762003,,
mobile-unit-(.*),300x250,growagardengame.com,growagardengame.com/mobile-unit,8d441d426adeaea9fc671c162e42adc1,,,,,inBanner,36762003,,
anchor,1000x100,growagardengame.com,growagardengame.com/anchor,3fdb35aaca880ae9a1c99299649805f0,,,,,inScreen,36762001,,
video,300x169,growagardengame.com,growagardengame.com/video,,,,,,inStream,36762004,,
right-rail-1,300x250,howbazaar.gg,howbazaar.gg/right-rail-1,0b6670e89fc5152f385f05dcace118a8,,_dlx03cqabQ,77116,14382,inBanner,36380434,,
mobile-unit-(.*),300x250,howbazaar.gg,howbazaar.gg/mobile-unit,8d441d426adeaea9fc671c162e42adc1,,_z06eplZsHF,77123,14382,,,,
left-rail-1,300x250,howbazaar.gg,howbazaar.gg/left-rail-1,0b6670e89fc5152f385f05dcace118a8,,_dlx03cqabQ,77118,14382,inBanner,36380433,,
anchor,1000x100,howbazaar.gg,howbazaar.gg/anchor,3fdb35aaca880ae9a1c99299649805f0,,,77121,14382,inScreen,36380432,,
right-rail-2,300x600,howbazaar.gg,howbazaar.gg/right-rail-2,d38c91963367413b19cac12175161fc7,,_blMZq9rMJ0,77117,14382,inBanner,36380434,,
leaderboard-(.*),300x250,howbazaar.gg,howbazaar.gg/leaderboard,0b6670e89fc5152f385f05dcace118a8,,_z06eplZsHF,77122,14382,,,,
billboard,970x250,howbazaar.gg,howbazaar.gg/billboard,c3db67f8eb975055504bf15dd06fc439,,_rVCWfW92n4,77120,14382,inBanner,36380433,,
left-rail-2,300x600,howbazaar.gg,howbazaar.gg/left-rail-2,d38c91963367413b19cac12175161fc7,,_blMZq9rMJ0,77119,14382,inBanner,36380433,,
left-rail-1,300x250,iloa.gg,iloa.gg/left-rail-1,0b6670e89fc5152f385f05dcace118a8,,,,15547,inBanner,37150530,,
right-rail-1,300x250,iloa.gg,iloa.gg/right-rail-1,0b6670e89fc5152f385f05dcace118a8,,,,15548,inBanner,37150530,,
left-rail-2,300x600,iloa.gg,iloa.gg/left-rail-2,d38c91963367413b19cac12175161fc7,,,,15549,inBanner,37150530,,
leaderboard-(.*),728x90,iloa.gg,iloa.gg/leaderboard,81cded6577753d91e46630a79d8142d6,,,,15550,inBanner,37150531,,
billboard-(.*),970x250,iloa.gg,iloa.gg/billboard,c3db67f8eb975055504bf15dd06fc439,,,,15551,inBanner,37150531,,
right-rail-2,300x600,iloa.gg,iloa.gg/right-rail-2,d38c91963367413b19cac12175161fc7,,,,15552,inBanner,37150531,,
anchor,1000x100,iloa.gg,iloa.gg/anchor,3fdb35aaca880ae9a1c99299649805f0,,,,15553,inScreen,37150528,,
video,300x169,iloa.gg,iloa.gg/video,,,,,,inStream,37150532,,
mobile-unit-(.*),300x250,iloa.gg,iloa.gg/mobile-unit,8d441d426adeaea9fc671c162e42adc1,,,,15555,inArticle,37150529,,
left-rail-1,300x250,lake-link.com,lake-link.com/left-rail-1,0b6670e89fc5152f385f05dcace118a8,,,,,,,,
right-rail-1,300x250,lake-link.com,lake-link.com/right-rail-1,0b6670e89fc5152f385f05dcace118a8,,,,,,,,
left-rail-2,300x600,lake-link.com,lake-link.com/left-rail-2,d38c91963367413b19cac12175161fc7,,,,,,,,
right-rail-2,300x600,lake-link.com,lake-link.com/right-rail-2,d38c91963367413b19cac12175161fc7,,,,,,,,
leaderboard-(.*),728x90,lake-link.com,lake-link.com/leaderboard,81cded6577753d91e46630a79d8142d6,,,,,,,,
billboard-(.*),970x250,lake-link.com,lake-link.com/billboard,c3db67f8eb975055504bf15dd06fc439,,,,,,,,
anchor,1000x100,lake-link.com,lake-link.com/anchor,3fdb35aaca880ae9a1c99299649805f0,,,,,,,,
mobile-unit-(.*),300x250,lake-link.com,lake-link.com/mobile-unit,8d441d426adeaea9fc671c162e42adc1,,,,,,,,
video,300x169,lake-link.com,lake-link.com/video,,,,,,,,,
left-rail-1,300x250,meaegi.com,meaegi.com/left-rail-1,0b6670e89fc5152f385f05dcace118a8,,,,15556,inBanner,37150543,,
left-rail-2,300x600,meaegi.com,meaegi.com/left-rail-2,d38c91963367413b19cac12175161fc7,,,,15557,inBanner,37150543,,
right-rail-1,300x250,meaegi.com,meaegi.com/right-rail-1,0b6670e89fc5152f385f05dcace118a8,,,,15558,inBanner,37150543,,
right-rail-2,300x600,meaegi.com,meaegi.com/right-rail-2,d38c91963367413b19cac12175161fc7,,,,15559,inBanner,37150544,,
leaderboard-(.*),728x90,meaegi.com,meaegi.com/leaderboard,81cded6577753d91e46630a79d8142d6,,,,15560,inBanner,37150544,,
billboard-(.*),970x250,meaegi.com,meaegi.com/billboard,c3db67f8eb975055504bf15dd06fc439,,,,15561,inBanner,37150544,,
anchor,1000x100,meaegi.com,meaegi.com/anchor,3fdb35aaca880ae9a1c99299649805f0,,,,15562,inScreen,37150541,,
video,300x169,meaegi.com,meaegi.com/video,,,,,,inStream,37150545,,
mobile-unit-(.*),300x250,meaegi.com,meaegi.com/mobile-unit,8d441d426adeaea9fc671c162e42adc1,,,,15564,inArticle,37150542,,
left-rail-1,300x250,metatft.com,metatft.com/left-rail-1,0b6670e89fc5152f385f05dcace118a8,,_y9ZFYwRe84,61802,3389,inBanner,36566873,RevIQ_metatftcom_left-rail-1_300x250_PBc2s,1607961
right-rail-2,300x600,metatft.com,metatft.com/right-rail-2,d38c91963367413b19cac12175161fc7,,_y9ZFYwRe84,61805,3388,inBanner,36566874,RevIQ_metatftcom_right-rail-2_300x600_PBc2s,1607965
billboard,970x250,metatft.com,metatft.com/billboard,c3db67f8eb975055504bf15dd06fc439,,_siopfpWgdn,61806,3384,inBanner,36566873,RevIQ_metatftcom_billboard_970x250_PBc2s,1607963
right-rail-1,300x250,metatft.com,metatft.com/right-rail-1,0b6670e89fc5152f385f05dcace118a8,,_y9ZFYwRe84,61804,3389,inBanner,36566874,RevIQ_metatftcom_right-rail-1_300x250_PBc2s,1607962
left-rail-2,300x600,metatft.com,metatft.com/left-rail-2,0b6670e89fc5152f385f05dcace118a8,,_y9ZFYwRe84,61803,3389,inBanner,36566874,RevIQ_metatftcom_left-rail-2_300x600_PBc2s,1607964
anchor,1000x100,metatft.com,metatft.com/anchor,3fdb35aaca880ae9a1c99299649805f0,,,61807,3391,inScreen,36566872,RevIQ_metatftcom_anchor_1000x100_PBc2s,1607966
video,400x225,metatft.com,metatft.com/video,,,,61809,,,,,
mobile-inline-(.*),300x250,metatft.com,metatft.com/mobile-inline,8d441d426adeaea9fc671c162e42adc1,,_iZW7LiHFKf,62117,3389,inBanner,36566874,RevIQ_metatftcom_mobile-inline-0_300x250_PBc2s,
right-rail-1,300x250,myfolsom.com,myfolsom.com/right-rail-1,0b6670e89fc5152f385f05dcace118a8,36489906,_lE69eXnLu2,,14425,inBanner,37112777,,
video,400x225,myfolsom.com,myfolsom.com/video,,36489906,,,,inStream,37112780,,
right-rail-2,300x600,myfolsom.com,myfolsom.com/right-rail-2,d38c91963367413b19cac12175161fc7,36489906,_hnhgc0Si5V,,14426,inBanner,37112777,,
left-rail-2,300x600,myfolsom.com,myfolsom.com/left-rail-2,d38c91963367413b19cac12175161fc7,36489906,_hnhgc0Si5V,,14428,inBanner,37112778,,
anchor,1000x100,myfolsom.com,myfolsom.com/anchor,3fdb35aaca880ae9a1c99299649805f0,36489906,,,14430,inScreen,37112775,,
billboard,970x250,myfolsom.com,myfolsom.com/billboard,c3db67f8eb975055504bf15dd06fc439,36489906,_qOkE73Dk2s,,14429,inBanner,37112778,,
left-rail-1,300x250,myfolsom.com,myfolsom.com/left-rail-1,0b6670e89fc5152f385f05dcace118a8,36489906,_lE69eXnLu2,,14427,inBanner,37112779,,
mobile-inline-(.*),300x250,myfolsom.com,myfolsom.com/mobile-inline,8d441d426adeaea9fc671c162e42adc1,36489906,_iwMs3s6v3q,,14431,inArticle,37112776,,
backfill,300x250,op.gg,op.gg/backfill,0b6670e89fc5152f385f05dcace118a8,36085954,_lUbvkzAa7A,77124,2698,inBanner,36380448,RevIQ_op-gg_statistics-left-rail-2_300x250_PBc2s,
in-feed-(.*),728x90,op.gg,op.gg/in-feed,81cded6577753d91e46630a79d8142d6,36085954,_ws5fRW8Jzk,77136,2592,inBanner,36380447,RevIQ_opgg_728x90_PBc2s,
left-rail-1,300x250,op.gg,op.gg/left-rail-1,0b6670e89fc5152f385f05dcace118a8,36085954,_lUbvkzAa7A,77125,2698,inBanner,36380448,RevIQ_op-gg_statistics-left-rail-2_300x250_PBc2s,
left-rail-2,300x600,op.gg,op.gg/left-rail-2,d38c91963367413b19cac12175161fc7,36085954,_vDP9LRVoop,77126,2697,inBanner,36380448,RevIQ_op-gg_statistics-left-rail-1_300x600_PBc2s,
billboard,970x250,op.gg,op.gg/billboard,c3db67f8eb975055504bf15dd06fc439,36085954,_ws5fRW8Jzk,77130,14459,inBanner,36380450,RevIQ_op-gg_statistics-billboard_970x250_PBc2s,
mobile-in-feed-1,300x250,op.gg,op.gg/mobile-in-feed-1,8d441d426adeaea9fc671c162e42adc1,36085954,_eVO14hgEkr,77135,2698,inArticle,5275-2196-01,RevIQ_op-gg_statistics-right-rail-2_300x250_PBc2s,
video,400x225,op.gg,op.gg/video,,,,77139,,,,,
right-rail-1,300x250,op.gg,op.gg/right-rail-1,0b6670e89fc5152f385f05dcace118a8,36085954,_lUbvkzAa7A,77127,2698,inBanner,36380449,RevIQ_op-gg_statistics-right-rail-2_300x250_PBc2s,
home-billboard,970x250,op.gg,op.gg/home-billboard,c3db67f8eb975055504bf15dd06fc439,36085954,_ws5fRW8Jzk,77131,14459,inBanner,36380450,RevIQ_op-gg_statistics-billboard_970x250_PBc2s,
anchor,1000x100,op.gg,op.gg/anchor,3fdb35aaca880ae9a1c99299649805f0,36085954,_ot8flmLwyS,77133,14460,inScreen,36380446,RevIQ_opgg_970x90-top_PBc2s,
in-feed-left-1,300x250,op.gg,op.gg/in-feed-left-1,0b6670e89fc5152f385f05dcace118a8,36085954,_lUbvkzAa7A,77137,2698,inBanner,36380448,RevIQ_op-gg_statistics-left-rail-2_300x250_PBc2s,
in-feed-right-1,300x250,op.gg,op.gg/in-feed-right-1,0b6670e89fc5152f385f05dcace118a8,36085954,_lUbvkzAa7A,77138,2698,inBanner,36380448,RevIQ_op-gg_statistics-left-rail-2_300x250_PBc2s,
footer,970x250,op.gg,op.gg/footer,c3db67f8eb975055504bf15dd06fc439,36085954,_ws5fRW8Jzk,77132,14459,inBanner,36380450,RevIQ_op-gg_statistics-billboard_970x250_PBc2s,
leaderboard,1000x100,op.gg,op.gg/leaderboard,3fdb35aaca880ae9a1c99299649805f0,36085954,_ot8flmLwyS,77129,14460,inBanner,36380449,RevIQ_opgg_970x90-top_PBc2s,
right-rail-2,300x600,op.gg,op.gg/right-rail-2,d38c91963367413b19cac12175161fc7,36085954,_vDP9LRVoop,77128,2697,inBanner,36380449,RevIQ_op-gg_leaderboards-right-rail-1_300x600_PBc2s,
mobile-unit-(.*),300x250,op.gg,op.gg/mobile-unit,8d441d426adeaea9fc671c162e42adc1,36085954,_eVO14hgEkr,77134,2698,inBanner,36380451,RevIQ_op-gg_statistics-right-rail-2_300x250_PBc2s,
left-rail-1,300x250,paint-3d.com,paint-3d.com/left-rail-1,0b6670e89fc5152f385f05dcace118a8,,,,16455,inBanner,37150549,,1607974
left-rail-2,300x600,paint-3d.com,paint-3d.com/left-rail-2,d38c91963367413b19cac12175161fc7,,,,16456,inBanner,37150549,,1607977
right-rail-1,300x250,paint-3d.com,paint-3d.com/right-rail-1,0b6670e89fc5152f385f05dcace118a8,,,,16457,inBanner,37150549,,1607975
right-rail-2,300x600,paint-3d.com,paint-3d.com/right-rail-2,d38c91963367413b19cac12175161fc7,,,,16458,inBanner,37150550,,1607978
leaderboard-(.*),728x90,paint-3d.com,paint-3d.com/leaderboard,81cded6577753d91e46630a79d8142d6,,,,16459,inBanner,37150550,,1607979
billboard-(.*),970x250,paint-3d.com,paint-3d.com/billboard,c3db67f8eb975055504bf15dd06fc439,,,,16460,inBanner,37150550,,1607980
anchor,1000x100,paint-3d.com,paint-3d.com/anchor,3fdb35aaca880ae9a1c99299649805f0,,,,16461,inScreen,37150547,,1607981
mobile-unit-(.*),300x250,paint-3d.com,paint-3d.com/mobile-unit,8d441d426adeaea9fc671c162e42adc1,,,,16462,inArticle,37150548,,1607976
video,300x169,paint-3d.com,paint-3d.com/video,,,,,16463,inStream,37150551,,
left-rail-1,300x250,playcineline.com,playcineline.com/left-rail-1,0b6670e89fc5152f385f05dcace118a8,,_o1fYjCwQ25,,14957,inBanner,36762025,,
left-rail-2,300x600,playcineline.com,playcineline.com/left-rail-2,d38c91963367413b19cac12175161fc7,,_gYdZ89N2Qn,,14958,inBanner,36762025,,
right-rail-1,300x250,playcineline.com,playcineline.com/right-rail-1,0b6670e89fc5152f385f05dcace118a8,,_o1fYjCwQ25,,14959,inBanner,36762025,,
right-rail-2,300x600,playcineline.com,playcineline.com/right-rail-2,d38c91963367413b19cac12175161fc7,,_gYdZ89N2Qn,,14960,inBanner,36762025,,
video,300x169,playcineline.com,playcineline.com/video,,,,,,inStream,36762027,,
mobile-unit-(.*),300x250,playcineline.com,playcineline.com/mobile-unit,8d441d426adeaea9fc671c162e42adc1,,_hGUHPPSifN,,14962,inArticle,36762026,,
billboard-(.*),970x250,playcineline.com,playcineline.com/billboard,c3db67f8eb975055504bf15dd06fc439,,_jBaxGSFfbP,,14963,inBanner,36762026,,
anchor,1000x100,playcineline.com,playcineline.com/anchor,3fdb35aaca880ae9a1c99299649805f0,,,,14964,inScreen,36762024,,
leaderboard-(.*),728x90,playcineline.com,playcineline.com/leaderboard,81cded6577753d91e46630a79d8142d6,,_jBaxGSFfbP,,14965,inBanner,36762026,,
left-rail-2,300x600,playdecodex.com,playdecodex.com/left-rail-2,d38c91963367413b19cac12175161fc7,,_f604TEy4sp,,14940,inBanner,36762017,,
left-rail-1,300x250,playdecodex.com,playdecodex.com/left-rail-1,0b6670e89fc5152f385f05dcace118a8,,_cACXvANSgp,,14939,inBanner,36762017,,
right-rail-1,300x250,playdecodex.com,playdecodex.com/right-rail-1,0b6670e89fc5152f385f05dcace118a8,,_cACXvANSgp,,14941,inBanner,36762017,,
right-rail-2,300x600,playdecodex.com,playdecodex.com/right-rail-2,d38c91963367413b19cac12175161fc7,,_f604TEy4sp,,14942,inBanner,36762017,,
video,300x169,playdecodex.com,playdecodex.com/video,,,,,,inStream,36762019,,
mobile-unit-(.*),300x250,playdecodex.com,playdecodex.com/mobile-unit,8d441d426adeaea9fc671c162e42adc1,,_stRSWlRCqp,,14944,inBanner,36762018,,
anchor,1000x100,playdecodex.com,playdecodex.com/anchor,3fdb35aaca880ae9a1c99299649805f0,,,,14946,inScreen,36762016,,
billboard-(.*),970x250,playdecodex.com,playdecodex.com/billboard,c3db67f8eb975055504bf15dd06fc439,,_da00eAMbSd,,14945,inBanner,36762018,,
leaderboard-(.*),728x90,playdecodex.com,playdecodex.com/leaderboard,81cded6577753d91e46630a79d8142d6,,_da00eAMbSd,,14947,inBanner,36762021,,
left-rail-1,300x250,playwordslide.com,playwordslide.com/left-rail-1,0b6670e89fc5152f385f05dcace118a8,,_u8LNyHMO6F,,14948,inBanner,36762021,,
left-rail-2,300x600,playwordslide.com,playwordslide.com/left-rail-2,d38c91963367413b19cac12175161fc7,,_bDZarxv0Hq,,14949,inBanner,36762021,,
right-rail-1,300x250,playwordslide.com,playwordslide.com/right-rail-1,0b6670e89fc5152f385f05dcace118a8,,_u8LNyHMO6F,,14950,inBanner,36762021,,
right-rail-2,300x600,playwordslide.com,playwordslide.com/right-rail-2,d38c91963367413b19cac12175161fc7,,_bDZarxv0Hq,,14951,inBanner,36762022,,
mobile-unit-(.*),300x250,playwordslide.com,playwordslide.com/mobile-unit,8d441d426adeaea9fc671c162e42adc1,,_es28IetOUs,,14953,inBanner,36762022,,
video,300x169,playwordslide.com,playwordslide.com/video,,,,,,inStream,36762023,,
billboard-(.*),970x250,playwordslide.com,playwordslide.com/billboard,c3db67f8eb975055504bf15dd06fc439,,_v37grTNw6v,,14954,inBanner,36762022,,
anchor,1000x100,playwordslide.com,playwordslide.com/anchor,3fdb35aaca880ae9a1c99299649805f0,,,,14955,inScreen,36762020,,
leaderboard-(.*),728x90,playwordslide.com,playwordslide.com/leaderboard,81cded6577753d91e46630a79d8142d6,,_v37grTNw6v,,14956,inBanner,36762022,,
rsk_bottomadhesion_desktop,728x90,rivalskins.com,rivalskins.com/rsk_bottomadhesion_desktop,81cded6577753d91e46630a79d8142d6,36489917,_fHYjj74uXH,77140,14409,inScreen,37125485,,
rsk_footer_desktop,728x90,rivalskins.com,rivalskins.com/rsk_footer_desktop,81cded6577753d91e46630a79d8142d6,36489917,_fHYjj74uXH,77142,14411,inBanner,37125488,,
RSK_SidebarLeft1_Desktop,300x600,rivalskins.com,rivalskins.com/RSK_SidebarLeft1_Desktop,d38c91963367413b19cac12175161fc7,36489917,_igXzbVkYm4,77149,14418,inBanner,37125488,,
rsk_inarticle2_mobile,300x250,rivalskins.com,rivalskins.com/rsk_inarticle2_mobile,0b6670e89fc5152f385f05dcace118a8,36489917,_cLrxmIIMpq,77146,14415,inArticle,37125486,,
rsk_inarticle3_mobile,300x250,rivalskins.com,rivalskins.com/rsk_inarticle3_mobile,0b6670e89fc5152f385f05dcace118a8,36489917,_cLrxmIIMpq,77148,14417,inArticle,37125486,,
rsk_inarticle3_desktop,728x90,rivalskins.com,rivalskins.com/rsk_inarticle3_desktop,81cded6577753d91e46630a79d8142d6,36489917,_gf3I7Qii1f,77147,14416,inArticle,37125486,,
rsk_topleaderboard_mobile,320x50,rivalskins.com,rivalskins.com/rsk_topleaderboard_mobile,1d3e329127373f26c295e2e844da7c32,36489917,_cTHUCxlMyC,77154,14423,inBanner,37125488,,
rsk_bottomadhesion_mobile,320x50,rivalskins.com,rivalskins.com/rsk_bottomadhesion_mobile,1d3e329127373f26c295e2e844da7c32,36489917,_bjIJIuJhnV,77141,14410,inScreen,37125485,,
rsk_topadhesion_desktop,1000x100,rivalskins.com,rivalskins.com/rsk_topadhesion_desktop,3fdb35aaca880ae9a1c99299649805f0,36489917,_gf3I7Qii1f,77151,14420,inBanner,37125490,,
rsk_topadhesion_mobile,320x50,rivalskins.com,rivalskins.com/rsk_topadhesion_mobile,1d3e329127373f26c295e2e844da7c32,36489917,_cTHUCxlMyC,77152,14421,inBanner,37125490,,
anchor,1000x100,rivalskins.com,rivalskins.com/anchor,3fdb35aaca880ae9a1c99299649805f0,,,77155,14424,inScreen,37125485,,
rsk_topleaderboard_desktop,1000x100,rivalskins.com,rivalskins.com/rsk_topleaderboard_desktop,3fdb35aaca880ae9a1c99299649805f0,36489917,_gf3I7Qii1f,77153,14422,inBanner,37125493,,
RSK_SidebarRight1_Desktop,300x600,rivalskins.com,rivalskins.com/RSK_SidebarRight1_Desktop,d38c91963367413b19cac12175161fc7,36489917,_igXzbVkYm4,77150,14419,inBanner,37125493,,
rsk_inarticle1_desktop,728x90,rivalskins.com,rivalskins.com/rsk_inarticle1_desktop,81cded6577753d91e46630a79d8142d6,36489917,_gf3I7Qii1f,77143,14412,inArticle,37125487,,
rsk_inarticle1_mobile,300x250,rivalskins.com,rivalskins.com/rsk_inarticle1_mobile,0b6670e89fc5152f385f05dcace118a8,36489917,_cLrxmIIMpq,77144,14413,inArticle,37125487,,
rsk_inarticle2_desktop,728x90,rivalskins.com,rivalskins.com/rsk_inarticle2_desktop,81cded6577753d91e46630a79d8142d6,36489917,_gf3I7Qii1f,77145,14414,inArticle,37125487,,
left-rail-1,300x250,routinehub.co,routinehub.co/left-rail-1,0b6670e89fc5152f385f05dcace118a8,36489920,_lAu74et2aj,,14396,inBanner,37125481,,
billboard,970x250,routinehub.co,routinehub.co/billboard,c3db67f8eb975055504bf15dd06fc439,36489920,_xQMvgAHPm6,,14400,inBanner,37125481,,
left-rail-2,300x600,routinehub.co,routinehub.co/left-rail-2,d38c91963367413b19cac12175161fc7,36489920,_urGPOGwTyr,,14397,inBanner,37125482,,
right-rail-1,300x250,routinehub.co,routinehub.co/right-rail-1,0b6670e89fc5152f385f05dcace118a8,36489920,_lAu74et2aj,,14398,inBanner,37125482,,
anchor,1000x100,routinehub.co,routinehub.co/anchor,3fdb35aaca880ae9a1c99299649805f0,36489920,,,14401,inScreen,37125479,,
mobile-inline-(.*),300x250,routinehub.co,routinehub.co/mobile-inline,8d441d426adeaea9fc671c162e42adc1,36489920,_cM8jjEBBdn,,14402,inArticle,37125480,,
interstitial,0x0,routinehub.co,routinehub.co/interstitial,none,,,,14403,,,,
right-rail-2,300x600,routinehub.co,routinehub.co/right-rail-2,d38c91963367413b19cac12175161fc7,36489920,_urGPOGwTyr,,14399,inBanner,37125482,,
left-rail-1,300x250,skitalk.com,skitalk.com/left-rail-1,0b6670e89fc5152f385f05dcace118a8,,,,,,,,
right-rail-1,300x250,skitalk.com,skitalk.com/right-rail-1,0b6670e89fc5152f385f05dcace118a8,,,,,,,,
left-rail-2,300x600,skitalk.com,skitalk.com/left-rail-2,d38c91963367413b19cac12175161fc7,,,,,,,,
leaderboard-(.*),728x90,skitalk.com,skitalk.com/leaderboard,81cded6577753d91e46630a79d8142d6,,,,,,,,
right-rail-2,300x600,skitalk.com,skitalk.com/right-rail-2,d38c91963367413b19cac12175161fc7,,,,,,,,
billboard-(.*),970x250,skitalk.com,skitalk.com/billboard,c3db67f8eb975055504bf15dd06fc439,,,,,,,,
anchor,1000x100,skitalk.com,skitalk.com/anchor,3fdb35aaca880ae9a1c99299649805f0,,,,,,,,
mobile-unit-(.*),300x250,skitalk.com,skitalk.com/mobile-unit,8d441d426adeaea9fc671c162e42adc1,,,,,,,,
video,300x169,skitalk.com,skitalk.com/video,,,,,,,,,
left-rail-1,300x250,stats-cc.overlayedapps.com,stats-cc.overlayedapps.com/left-rail-1,0b6670e89fc5152f385f05dcace118a8,36489923,_xuerP19Cr5,77156,14735,inBanner,36566945,,
anchor,1000x100,stats-cc.overlayedapps.com,stats-cc.overlayedapps.com/anchor,3fdb35aaca880ae9a1c99299649805f0,36489923,_xuerP19Cr5,77163,14742,inScreen,36566944,,
right-rail-2,300x250,stats-cc.overlayedapps.com,stats-cc.overlayedapps.com/right-rail-2,0b6670e89fc5152f385f05dcace118a8,36489923,_xuerP19Cr5,77159,14738,inBanner,36566945,,
billboard,970x250,stats-cc.overlayedapps.com,stats-cc.overlayedapps.com/billboard,c3db67f8eb975055504bf15dd06fc439,36489923,_z6HgmlsdJS,77161,14740,inBanner,36566946,,
right-rail-3,300x250,stats-cc.overlayedapps.com,stats-cc.overlayedapps.com/right-rail-3,0b6670e89fc5152f385f05dcace118a8,36489923,_xuerP19Cr5,77160,14739,inBanner,36566945,,
left-rail-2,300x250,stats-cc.overlayedapps.com,stats-cc.overlayedapps.com/left-rail-2,0b6670e89fc5152f385f05dcace118a8,36489923,_xuerP19Cr5,77157,14736,inBanner,36566945,,
leaderboard-(.*),728x90,stats-cc.overlayedapps.com,stats-cc.overlayedapps.com/leaderboard,81cded6577753d91e46630a79d8142d6,36489923,_z6HgmlsdJS,77162,14741,,,,
right-rail-1,300x250,stats-cc.overlayedapps.com,stats-cc.overlayedapps.com/right-rail-1,0b6670e89fc5152f385f05dcace118a8,36489923,_xuerP19Cr5,77158,14737,inBanner,36566945,,
in-feed-rail-(.*),300x250,stats-cc.overlayedapps.com,stats-cc.overlayedapps.com/in-feed-rail,0b6670e89fc5152f385f05dcace118a8,36489923,_xuerP19Cr5,77164,14743,inBanner,36566945,,
inline-mobile-(.*),300x250,stats-cc.overlayedapps.com,stats-cc.overlayedapps.com/inline-mobile,8d441d426adeaea9fc671c162e42adc1,36489923,_c0g39ye79Q,77165,14744,inBanner,36566946,,
left-rail-1,300x250,stats.cc,stats.cc/left-rail-1,0b6670e89fc5152f385f05dcace118a8,36489923,_xuerP19Cr5,77156,14380,inBanner,36566945,,
right-rail-2,300x250,stats.cc,stats.cc/right-rail-2,0b6670e89fc5152f385f05dcace118a8,36489923,_xuerP19Cr5,77159,14380,inBanner,36566945,,
inline-mobile-(.*),300x250,stats.cc,stats.cc/inline-mobile,8d441d426adeaea9fc671c162e42adc1,36489923,_c0g39ye79Q,77165,14380,inBanner,36566946,,
right-rail-1,300x250,stats.cc,stats.cc/right-rail-1,0b6670e89fc5152f385f05dcace118a8,36489923,_xuerP19Cr5,77158,14380,inBanner,36566945,,
video-top,,stats.cc,stats.cc/video-top,265cf0a4a050dc6a3778aff3b22fc844,36489923,,82374,,,,,
leaderboard-(.*),728x90,stats.cc,stats.cc/leaderboard,81cded6577753d91e46630a79d8142d6,36489923,_z6HgmlsdJS,77162,14380,,,,
right-rail-3,300x250,stats.cc,stats.cc/right-rail-3,0b6670e89fc5152f385f05dcace118a8,36489923,_xuerP19Cr5,77160,14380,inBanner,36566945,,
billboard,970x250,stats.cc,stats.cc/billboard,c3db67f8eb975055504bf15dd06fc439,36489923,_z6HgmlsdJS,77161,14380,inBanner,36566946,,
anchor,1000x100,stats.cc,stats.cc/anchor,3fdb35aaca880ae9a1c99299649805f0,36489923,_xuerP19Cr5,77163,14380,inScreen,36566944,,
in-feed-rail-(.*),300x250,stats.cc,stats.cc/in-feed-rail,0b6670e89fc5152f385f05dcace118a8,36489923,_xuerP19Cr5,77164,14380,inBanner,36566945,,
left-rail-2,300x250,stats.cc,stats.cc/left-rail-2,0b6670e89fc5152f385f05dcace118a8,36489923,_xuerP19Cr5,77157,14380,inBanner,36566945,,
left-rail-1,300x250,streamscharts.com,streamscharts.com/left-rail-1,0b6670e89fc5152f385f05dcace118a8,,,,,,,,
left-rail-2,300x600,streamscharts.com,streamscharts.com/left-rail-2,d38c91963367413b19cac12175161fc7,,,,,,,,
right-rail-2,300x600,streamscharts.com,streamscharts.com/right-rail-2,d38c91963367413b19cac12175161fc7,,,,,,,,
right-rail-1,300x250,streamscharts.com,streamscharts.com/right-rail-1,0b6670e89fc5152f385f05dcace118a8,,,,,,,,
leaderboard-(.*),728x90,streamscharts.com,streamscharts.com/leaderboard,81cded6577753d91e46630a79d8142d6,,,,,,,,
billboard-(.*),970x250,streamscharts.com,streamscharts.com/billboard,c3db67f8eb975055504bf15dd06fc439,,,,,,,,
anchor,1000x100,streamscharts.com,streamscharts.com/anchor,3fdb35aaca880ae9a1c99299649805f0,,,,,,,,
mobile-unit-(.*),300x250,streamscharts.com,streamscharts.com/mobile-unit,8d441d426adeaea9fc671c162e42adc1,,,,,,,,
video,300x169,streamscharts.com,streamscharts.com/video,,,,,,,,,
right-rail-1,300x250,supervive-stats.com,supervive-stats.com/right-rail-1,0b6670e89fc5152f385f05dcace118a8,,_dlg1EEpSoP,77166,14404,inBanner,37112783,,
anchor,1000x100,supervive-stats.com,supervive-stats.com/anchor,3fdb35aaca880ae9a1c99299649805f0,,,77170,14408,inScreen,37112781,,
left-rail-2,300x600,supervive-stats.com,supervive-stats.com/left-rail-2,d38c91963367413b19cac12175161fc7,,_xb9FsZFeJG,77169,14407,inBanner,37112783,,
right-rail-2,300x600,supervive-stats.com,supervive-stats.com/right-rail-2,d38c91963367413b19cac12175161fc7,,_xb9FsZFeJG,77167,14405,inBanner,37112784,,
inline-mobile-unit-(.*),300x250,supervive-stats.com,supervive-stats.com/inline-mobile-unit,8d441d426adeaea9fc671c162e42adc1,,_lZLDUr96hL,77171,14461,inArticle,37112782,,
left-rail-1,300x250,supervive-stats.com,supervive-stats.com/left-rail-1,0b6670e89fc5152f385f05dcace118a8,,_dlg1EEpSoP,77168,14406,inBanner,37112784,,
left-rail-1,300x250,systemrequirementslab.com,systemrequirementslab.com/left-rail-1,0b6670e89fc5152f385f05dcace118a8,36489928,_y7jT9oD6M2,77172,14383,inBanner,36537167,RevIQ_systemrequirementslab_com_left-rail-1_300x250_PBc2s,1607967
billboard,970x250,systemrequirementslab.com,systemrequirementslab.com/billboard,c3db67f8eb975055504bf15dd06fc439,36489928,_lYK8cxqYct,77177,14388,inBanner,36537170,RevIQ_systemrequirementslab_com_billboard_970x250_PBc2s,1607969
anchor,1000x100,systemrequirementslab.com,systemrequirementslab.com/anchor,3fdb35aaca880ae9a1c99299649805f0,36489928,,77178,14389,inScreen,36537165,RevIQ_systemrequirementslab_com_anchor_1000x100_PBc2s,1607973
right-rail-1,300x250,systemrequirementslab.com,systemrequirementslab.com/right-rail-1,0b6670e89fc5152f385f05dcace118a8,36489928,_y7jT9oD6M2,77174,14385,inBanner,36537168,RevIQ_systemrequirementslab_com_right-rail-1_300x250_PBc2s,1607968
right-rail-2,300x600,systemrequirementslab.com,systemrequirementslab.com/right-rail-2,d38c91963367413b19cac12175161fc7,36489928,_iKE7JVgKgR,77175,14386,inBanner,36537168,RevIQ_systemrequirementslab_com_right-rail-2_300x600_PBc2s,1607970
left-rail-2,300x600,systemrequirementslab.com,systemrequirementslab.com/left-rail-2,d38c91963367413b19cac12175161fc7,36489928,_iKE7JVgKgR,77173,14384,inBanner,36537167,RevIQ_systemrequirementslab_com_left-rail-2_300x600_PBc2s,1607971
right-skyscraper,300x600,systemrequirementslab.com,systemrequirementslab.com/right-skyscraper,d38c91963367413b19cac12175161fc7,36489928,_iKE7JVgKgR,77176,14387,inBanner,36537170,RevIQ_systemrequirementslab_com_right-skyscraper_300x600_PBc2s,1607972
inline-video,400x225,systemrequirementslab.com,systemrequirementslab.com/inline-video,,,,77179,,,,,
right-rail-1,300x600,tetr.io,tetr.io/right-rail-1,d38c91963367413b19cac12175161fc7,36489931,_oU2Pk9o5Yb,77180,14391,inBanner,36566950,RevIQ_tetr_io_right-rail-1_300x600_PBc2s,
left-rail-2,300x250,tetr.io,tetr.io/left-rail-2,0b6670e89fc5152f385f05dcace118a8,36489931,_ajbu8HSA7y,77182,14393,inBanner,36566950,RevIQ_tetr_io_left-rail-2_300x250_PBc2s,
left-rail-1,300x250,tetr.io,tetr.io/left-rail-1,0b6670e89fc5152f385f05dcace118a8,36489931,_ajbu8HSA7y,77181,14392,inBanner,36566950,RevIQ_tetr_io_left-rail-1_300x250_PBc2s,
video-top,400x225,tetr.io,tetr.io/video-top,,36489931,,77184,,,,,
anchor,1000x100,tetr.io,tetr.io/anchor,3fdb35aaca880ae9a1c99299649805f0,36489931,,77183,14394,inScreen,36566949,RevIQ_tetr_io_anchor_1000x100_PBc2s,
right-rail-1,300x250,tfthandbook.com,tfthandbook.com/right-rail-1,0b6670e89fc5152f385f05dcace118a8,,_bND0ZRKSPI,58294,2761,inBanner,36566953,RevIQ_tfthandbook-com_right-rail-1_300x250_PBc2s,
anchor-new,1000x100,tfthandbook.com,tfthandbook.com/anchor-new,3fdb35aaca880ae9a1c99299649805f0,,,77186,2763,inScreen,36566952,RevIQ_tfthandbook-com_anchor_hdx_PBc2s,
right-rail-2,300x600,tfthandbook.com,tfthandbook.com/right-rail-2,d38c91963367413b19cac12175161fc7,,_aiYSWU4mH1,58295,2760,inBanner,36566953,RevIQ_tfthandbook-com_right-rail-2_300x600_PBc2s,
video-floating,400x225,tfthandbook.com,tfthandbook.com/video-floating,,,,77187,,,,,
left-rail-1,300x600,tfthandbook.com,tfthandbook.com/left-rail-1,d38c91963367413b19cac12175161fc7,,_aiYSWU4mH1,58294,2760,inBanner,36566953,RevIQ_tfthandbook-com_left-rail-1_300x600_PBc2s,
left-rail-2,300x250,tfthandbook.com,tfthandbook.com/left-rail-2,0b6670e89fc5152f385f05dcace118a8,,_bND0ZRKSPI,77185,2761,inBanner,36566953,,
leaderboard-1,970x90,tomato.gg,tomato.gg/leaderboard-1,3fdb35aaca880ae9a1c99299649805f0,36207513,_bkzCL78ewY,77188,14462,inBanner,36167030,,
video-top,400x225,tomato.gg,tomato.gg/video-top,,,,77197,2777,,,,
front-page-left,300x250,tomato.gg,tomato.gg/front-page-left,8d441d426adeaea9fc671c162e42adc1,36207513,,77195,,inBanner,36167032,,
front-page-right,300x250,tomato.gg,tomato.gg/front-page-right,8d441d426adeaea9fc671c162e42adc1,36207513,,77194,,inBanner,36167032,,
mobile-unit-(.*),300x250,tomato.gg,tomato.gg/mobile-unit,8d441d426adeaea9fc671c162e42adc1,36207513,_b6ZhIvkUOE,77196,692,inArticle,36167028,,
left-rail-small,300x250,tomato.gg,tomato.gg/left-rail-small,0b6670e89fc5152f385f05dcace118a8,36207513,_qy78uWgEre,77196,692,inBanner,36167032,,
left-rail-1,300x600,tomato.gg,tomato.gg/left-rail-1,d38c91963367413b19cac12175161fc7,36207513,_qy78uWgEre,77192,693,inBanner,36167031,,
right-rail-2,300x600,tomato.gg,tomato.gg/right-rail-2,d38c91963367413b19cac12175161fc7,36207513,_qy78uWgEre,77191,693,inBanner,36167031,,
anchor,1000x100,tomato.gg,tomato.gg/anchor,3fdb35aaca880ae9a1c99299649805f0,36207513,,77197,695,inScreen,36167027,,
left-rail-2,300x600,tomato.gg,tomato.gg/left-rail-2,d38c91963367413b19cac12175161fc7,36207513,_qy78uWgEre,77193,693,inBanner,36167031,,
right-rail-1,300x600,tomato.gg,tomato.gg/right-rail-1,d38c91963367413b19cac12175161fc7,36207513,_qy78uWgEre,77190,693,inBanner,36167030,,
footer-1,1000x400,tomato.gg,tomato.gg/footer-1,57ff06a203977a0e573b00d7562e2e4e,36207513,,77189,14463,inBanner,36167030,,
left-rail-2,300x600,en.yna.co.kr,en.yna.co.kr/left-rail-2,d38c91963367413b19cac12175161fc7,,,,16446,inBanner,37150535,,
left-rail-1,300x250,en.yna.co.kr,en.yna.co.kr/left-rail-1,0b6670e89fc5152f385f05dcace118a8,,,,16447,inBanner,37150535,,
right-rail-2,300x600,en.yna.co.kr,en.yna.co.kr/right-rail-2,d38c91963367413b19cac12175161fc7,,,,16448,inBanner,37150535,,
right-rail-1,300x250,en.yna.co.kr,en.yna.co.kr/right-rail-1,0b6670e89fc5152f385f05dcace118a8,,,,16449,inBanner,37150536,,
leaderboard-(.*),728x90,en.yna.co.kr,en.yna.co.kr/leaderboard,81cded6577753d91e46630a79d8142d6,,,,16450,inBanner,37150536,,
billboard-(.*),970x250,en.yna.co.kr,en.yna.co.kr/billboard,c3db67f8eb975055504bf15dd06fc439,,,,16451,inBanner,37150536,,
anchor,1000x100,en.yna.co.kr,en.yna.co.kr/anchor,3fdb35aaca880ae9a1c99299649805f0,,,,16452,inScreen,37150533,,
mobile-unit-(.*),300x250,en.yna.co.kr,en.yna.co.kr/mobile-unit,8d441d426adeaea9fc671c162e42adc1,,,,16453,inArticle,37150534,,
video,300x169,en.yna.co.kr,en.yna.co.kr/video,,,,,16454,inStream,37150540,,
left-rail-1,300x250,cn.yna.co.kr,cn.yna.co.kr/left-rail-1,0b6670e89fc5152f385f05dcace118a8,,,,16491,,,,
left-rail-2,300x600,cn.yna.co.kr,cn.yna.co.kr/left-rail-2,d38c91963367413b19cac12175161fc7,,,,16493,,,,
right-rail-1,300x250,cn.yna.co.kr,cn.yna.co.kr/right-rail-1,0b6670e89fc5152f385f05dcace118a8,,,,16492,,,,
right-rail-2,300x600,cn.yna.co.kr,cn.yna.co.kr/right-rail-2,d38c91963367413b19cac12175161fc7,,,,16494,,,,
leaderboard-(.*),728x90,cn.yna.co.kr,cn.yna.co.kr/leaderboard,81cded6577753d91e46630a79d8142d6,,,,16495,,,,
billboard-(.*),970x250,cn.yna.co.kr,cn.yna.co.kr/billboard,c3db67f8eb975055504bf15dd06fc439,,,,16496,,,,
anchor,1000x100,cn.yna.co.kr,cn.yna.co.kr/anchor,3fdb35aaca880ae9a1c99299649805f0,,,,16497,,,,
mobile-unit-(.*),300x250,cn.yna.co.kr,cn.yna.co.kr/mobile-unit,8d441d426adeaea9fc671c162e42adc1,,,,16498,,,,
video,300x169,cn.yna.co.kr,cn.yna.co.kr/video,265cf0a4a050dc6a3778aff3b22fc844,,,,16499,,,,
left-rail-1,300x250,jp.yna.co.kr,jp.yna.co.kr/left-rail-1,0b6670e89fc5152f385f05dcace118a8,,,,16500,,,,
left-rail-2,300x600,jp.yna.co.kr,jp.yna.co.kr/left-rail-2,d38c91963367413b19cac12175161fc7,,,,16501,,,,
right-rail-1,300x250,jp.yna.co.kr,jp.yna.co.kr/right-rail-1,0b6670e89fc5152f385f05dcace118a8,,,,16502,,,,
right-rail-2,300x600,jp.yna.co.kr,jp.yna.co.kr/right-rail-2,d38c91963367413b19cac12175161fc7,,,,16503,,,,
leaderboard-(.*),728x90,jp.yna.co.kr,jp.yna.co.kr/leaderboard,81cded6577753d91e46630a79d8142d6,,,,16504,,,,
billboard-(.*),970x250,jp.yna.co.kr,jp.yna.co.kr/billboard,c3db67f8eb975055504bf15dd06fc439,,,,16506,,,,
anchor,1000x100,jp.yna.co.kr,jp.yna.co.kr/anchor,3fdb35aaca880ae9a1c99299649805f0,,,,16505,,,,
mobile-unit-(.*),300x250,jp.yna.co.kr,jp.yna.co.kr/mobile-unit,8d441d426adeaea9fc671c162e42adc1,,,,16507,,,,
video,300x169,jp.yna.co.kr,jp.yna.co.kr/video,265cf0a4a050dc6a3778aff3b22fc844,,,,16508,,,,
left-rail-1,300x250,rythm.fm,rythm.fm/left-rail-1,0b6670e89fc5152f385f05dcace118a8,,,,16740,,,,
left-rail-2,300x600,rythm.fm,rythm.fm/left-rail-2,d38c91963367413b19cac12175161fc7,,,,16741,,,,
right-rail-1,300x250,rythm.fm,rythm.fm/right-rail-1,0b6670e89fc5152f385f05dcace118a8,,,,16742,,,,
right-rail-2,300x600,rythm.fm,rythm.fm/right-rail-2,d38c91963367413b19cac12175161fc7,,,,16743,,,,
leaderboard-(.*),728x90,rythm.fm,rythm.fm/leaderboard,81cded6577753d91e46630a79d8142d6,,,,16745,,,,
billboard-(.*),970x250,rythm.fm,rythm.fm/billboard,c3db67f8eb975055504bf15dd06fc439,,,,16744,,,,
anchor,1000x100,rythm.fm,rythm.fm/anchor,3fdb35aaca880ae9a1c99299649805f0,,,,16746,,,,
mobile-unit-(.*),300x250,rythm.fm,rythm.fm/mobile-unit,8d441d426adeaea9fc671c162e42adc1,,,,16748,,,,
video,300x169,rythm.fm,rythm.fm/video,265cf0a4a050dc6a3778aff3b22fc844,,,,16747,,,,
left-rail-1,300x250,indianexpress.com,indianexpress.com/left-rail-1,0b6670e89fc5152f385f05dcace118a8,,,,,,,,
left-rail-2,300x600,indianexpress.com,indianexpress.com/left-rail-2,d38c91963367413b19cac12175161fc7,,,,,,,,
right-rail-1,300x250,indianexpress.com,indianexpress.com/right-rail-1,0b6670e89fc5152f385f05dcace118a8,,,,,,,,
right-rail-2,300x600,indianexpress.com,indianexpress.com/right-rail-2,d38c91963367413b19cac12175161fc7,,,,,,,,
leaderboard-(.*),728x90,indianexpress.com,indianexpress.com/leaderboard,81cded6577753d91e46630a79d8142d6,,,,,,,,
billboard-(.*),970x250,indianexpress.com,indianexpress.com/billboard,c3db67f8eb975055504bf15dd06fc439,,,,,,,,
anchor,1000x100,indianexpress.com,indianexpress.com/anchor,3fdb35aaca880ae9a1c99299649805f0,,,,,,,,
mobile-unit-(.*),300x250,indianexpress.com,indianexpress.com/mobile-unit,8d441d426adeaea9fc671c162e42adc1,,,,,,,,
video,300x169,indianexpress.com,indianexpress.com/video,265cf0a4a050dc6a3778aff3b22fc844,,,,,,,,
left-rail-1,300x250,financialexpress.com,financialexpress.com/left-rail-1,0b6670e89fc5152f385f05dcace118a8,,,,,,,,
left-rail-2,300x600,financialexpress.com,financialexpress.com/left-rail-2,d38c91963367413b19cac12175161fc7,,,,,,,,
right-rail-1,300x250,financialexpress.com,financialexpress.com/right-rail-1,0b6670e89fc5152f385f05dcace118a8,,,,,,,,
right-rail-2,300x600,financialexpress.com,financialexpress.com/right-rail-2,d38c91963367413b19cac12175161fc7,,,,,,,,
leaderboard-(.*),728x90,financialexpress.com,financialexpress.com/leaderboard,81cded6577753d91e46630a79d8142d6,,,,,,,,
billboard-(.*),970x250,financialexpress.com,financialexpress.com/billboard,c3db67f8eb975055504bf15dd06fc439,,,,,,,,
anchor,1000x100,financialexpress.com,financialexpress.com/anchor,3fdb35aaca880ae9a1c99299649805f0,,,,,,,,
mobile-unit-(.*),300x250,financialexpress.com,financialexpress.com/mobile-unit,8d441d426adeaea9fc671c162e42adc1,,,,,,,,
video,300x169,financialexpress.com,financialexpress.com/video,265cf0a4a050dc6a3778aff3b22fc844,,,,,,,,
left-rail-1,300x250,gadgets360.com,gadgets360.com/left-rail-1,0b6670e89fc5152f385f05dcace118a8,,,,,,,,
left-rail-2,300x600,gadgets360.com,gadgets360.com/left-rail-2,d38c91963367413b19cac12175161fc7,,,,,,,,
right-rail-1,300x250,gadgets360.com,gadgets360.com/right-rail-1,0b6670e89fc5152f385f05dcace118a8,,,,,,,,
right-rail-2,300x600,gadgets360.com,gadgets360.com/right-rail-2,d38c91963367413b19cac12175161fc7,,,,,,,,
leaderboard-(.*),728x90,gadgets360.com,gadgets360.com/leaderboard,81cded6577753d91e46630a79d8142d6,,,,,,,,
billboard-(.*),970x250,gadgets360.com,gadgets360.com/billboard,c3db67f8eb975055504bf15dd06fc439,,,,,,,,
anchor,1000x100,gadgets360.com,gadgets360.com/anchor,3fdb35aaca880ae9a1c99299649805f0,,,,,,,,
mobile-unit-(.*),300x250,gadgets360.com,gadgets360.com/mobile-unit,8d441d426adeaea9fc671c162e42adc1,,,,,,,,
video,300x169,gadgets360.com,gadgets360.com/video,265cf0a4a050dc6a3778aff3b22fc844,,,,,,,,
left-rail-1,300x250,piltoverarchive.com,piltoverarchive.com/left-rail-1,0b6670e89fc5152f385f05dcace118a8,,,84906,18500,,,,
left-rail-2,300x600,piltoverarchive.com,piltoverarchive.com/left-rail-2,d38c91963367413b19cac12175161fc7,,,84907,18501,,,,
right-rail-1,300x250,piltoverarchive.com,piltoverarchive.com/right-rail-1,0b6670e89fc5152f385f05dcace118a8,,,84909,18503,,,,
right-rail-2,300x600,piltoverarchive.com,piltoverarchive.com/right-rail-2,d38c91963367413b19cac12175161fc7,,,84908,18502,,,,
leaderboard-(.*),728x90,piltoverarchive.com,piltoverarchive.com/leaderboard,81cded6577753d91e46630a79d8142d6,,,84910,18504,,,,
billboard-(.*),970x250,piltoverarchive.com,piltoverarchive.com/billboard,c3db67f8eb975055504bf15dd06fc439,,,84911,18505,,,,
anchor,1000x100,piltoverarchive.com,piltoverarchive.com/anchor,3fdb35aaca880ae9a1c99299649805f0,,,84912,18506,,,,
mobile-unit-(.*),300x250,piltoverarchive.com,piltoverarchive.com/mobile-unit,8d441d426adeaea9fc671c162e42adc1,,,84913,18507,,,,
video,300x169,piltoverarchive.com,piltoverarchive.com/video,265cf0a4a050dc6a3778aff3b22fc844,,,84914,18508,,,,
left-rail-1,300x250,talentbuilds.com,talentbuilds.com/left-rail-1,0b6670e89fc5152f385f05dcace118a8,,,,16685,,,,
left-rail-2,300x600,talentbuilds.com,talentbuilds.com/left-rail-2,d38c91963367413b19cac12175161fc7,,,,16686,,,,
right-rail-1,300x250,talentbuilds.com,talentbuilds.com/right-rail-1,0b6670e89fc5152f385f05dcace118a8,,,,16687,,,,
right-rail-2,300x600,talentbuilds.com,talentbuilds.com/right-rail-2,d38c91963367413b19cac12175161fc7,,,,16688,,,,
leaderboard-(.*),728x90,talentbuilds.com,talentbuilds.com/leaderboard,81cded6577753d91e46630a79d8142d6,,,,16689,,,,
billboard-(.*),970x250,talentbuilds.com,talentbuilds.com/billboard,c3db67f8eb975055504bf15dd06fc439,,,,16690,,,,
anchor,1000x100,talentbuilds.com,talentbuilds.com/anchor,3fdb35aaca880ae9a1c99299649805f0,,,,16692,,,,
mobile-unit-(.*),300x250,talentbuilds.com,talentbuilds.com/mobile-unit,8d441d426adeaea9fc671c162e42adc1,,,,16691,,,,
video,300x169,talentbuilds.com,talentbuilds.com/video,265cf0a4a050dc6a3778aff3b22fc844,,,,16693,,,,
left-rail-1,300x250,sheepesports.com,sheepesports.com/left-rail-1,0b6670e89fc5152f385f05dcace118a8,,,83064,16694,,,,
left-rail-2,300x600,sheepesports.com,sheepesports.com/left-rail-2,d38c91963367413b19cac12175161fc7,,,83066,16696,,,,
right-rail-1,300x250,sheepesports.com,sheepesports.com/right-rail-1,0b6670e89fc5152f385f05dcace118a8,,,83065,16695,,,,
right-rail-2,300x600,sheepesports.com,sheepesports.com/right-rail-2,d38c91963367413b19cac12175161fc7,,,83067,16697,,,,
leaderboard-(.*),728x90,sheepesports.com,sheepesports.com/leaderboard,81cded6577753d91e46630a79d8142d6,,,83068,16698,,,,
billboard-(.*),970x250,sheepesports.com,sheepesports.com/billboard,c3db67f8eb975055504bf15dd06fc439,,,83069,16699,,,,
anchor,1000x100,sheepesports.com,sheepesports.com/anchor,3fdb35aaca880ae9a1c99299649805f0,,,83071,16701,,,,
mobile-unit-(.*),300x250,sheepesports.com,sheepesports.com/mobile-unit,8d441d426adeaea9fc671c162e42adc1,,,83070,16700,,,,
video,300x169,sheepesports.com,sheepesports.com/video,265cf0a4a050dc6a3778aff3b22fc844,,,83072,16702,,,,
left-rail-1,300x250,prosettings.gg,prosettings.gg/left-rail-1,0b6670e89fc5152f385f05dcace118a8,,,,16703,,,,
left-rail-2,300x600,prosettings.gg,prosettings.gg/left-rail-2,d38c91963367413b19cac12175161fc7,,,,16704,,,,
right-rail-1,300x250,prosettings.gg,prosettings.gg/right-rail-1,0b6670e89fc5152f385f05dcace118a8,,,,16705,,,,
right-rail-2,300x600,prosettings.gg,prosettings.gg/right-rail-2,d38c91963367413b19cac12175161fc7,,,,16706,,,,
leaderboard-(.*),728x90,prosettings.gg,prosettings.gg/leaderboard,81cded6577753d91e46630a79d8142d6,,,,16707,,,,
billboard-(.*),970x250,prosettings.gg,prosettings.gg/billboard,c3db67f8eb975055504bf15dd06fc439,,,,16708,,,,
anchor,1000x100,prosettings.gg,prosettings.gg/anchor,3fdb35aaca880ae9a1c99299649805f0,,,,16709,,,,
mobile-unit-(.*),300x250,prosettings.gg,prosettings.gg/mobile-unit,8d441d426adeaea9fc671c162e42adc1,,,,16710,,,,
video,300x169,prosettings.gg,prosettings.gg/video,265cf0a4a050dc6a3778aff3b22fc844,,,,16711,,,,
left-rail-1,300x250,malaymail.com,malaymail.com/left-rail-1,0b6670e89fc5152f385f05dcace118a8,,,,,,,,
left-rail-2,300x600,malaymail.com,malaymail.com/left-rail-2,d38c91963367413b19cac12175161fc7,,,,,,,,
right-rail-1,300x250,malaymail.com,malaymail.com/right-rail-1,0b6670e89fc5152f385f05dcace118a8,,,,,,,,
right-rail-2,300x600,malaymail.com,malaymail.com/right-rail-2,d38c91963367413b19cac12175161fc7,,,,,,,,
leaderboard-(.*),728x90,malaymail.com,malaymail.com/leaderboard,81cded6577753d91e46630a79d8142d6,,,,,,,,
billboard-(.*),970x250,malaymail.com,malaymail.com/billboard,c3db67f8eb975055504bf15dd06fc439,,,,,,,,
anchor,1000x100,malaymail.com,malaymail.com/anchor,3fdb35aaca880ae9a1c99299649805f0,,,,,,,,
mobile-unit-(.*),300x250,malaymail.com,malaymail.com/mobile-unit,8d441d426adeaea9fc671c162e42adc1,,,,,,,,
video,300x169,malaymail.com,malaymail.com/video,265cf0a4a050dc6a3778aff3b22fc844,,,,,,,,
interstitial,,malaymail.com,malaymail.com/interstitial,,,,,,,,,
left-rail-1,300x250,siamrath.co.th,siamrath.co.th/left-rail-1,0b6670e89fc5152f385f05dcace118a8,,,,,,,,
left-rail-2,300x600,siamrath.co.th,siamrath.co.th/left-rail-2,d38c91963367413b19cac12175161fc7,,,,,,,,
right-rail-1,300x250,siamrath.co.th,siamrath.co.th/right-rail-1,0b6670e89fc5152f385f05dcace118a8,,,,,,,,
right-rail-2,300x600,siamrath.co.th,siamrath.co.th/right-rail-2,d38c91963367413b19cac12175161fc7,,,,,,,,
leaderboard-(.*),728x90,siamrath.co.th,siamrath.co.th/leaderboard,81cded6577753d91e46630a79d8142d6,,,,,,,,
billboard-(.*),970x250,siamrath.co.th,siamrath.co.th/billboard,c3db67f8eb975055504bf15dd06fc439,,,,,,,,
anchor,1000x100,siamrath.co.th,siamrath.co.th/anchor,3fdb35aaca880ae9a1c99299649805f0,,,,,,,,
mobile-unit-(.*),300x250,siamrath.co.th,siamrath.co.th/mobile-unit,8d441d426adeaea9fc671c162e42adc1,,,,,,,,
video,300x169,siamrath.co.th,siamrath.co.th/video,265cf0a4a050dc6a3778aff3b22fc844,,,,,,,,
interstitial,,siamrath.co.th,siamrath.co.th/interstitial,,,,,,,,,
left-rail-1,300x250,siamsport.co.th,siamsport.co.th/left-rail-1,0b6670e89fc5152f385f05dcace118a8,,,,,,,,
left-rail-2,300x600,siamsport.co.th,siamsport.co.th/left-rail-2,d38c91963367413b19cac12175161fc7,,,,,,,,
right-rail-1,300x250,siamsport.co.th,siamsport.co.th/right-rail-1,0b6670e89fc5152f385f05dcace118a8,,,,,,,,
right-rail-2,300x600,siamsport.co.th,siamsport.co.th/right-rail-2,d38c91963367413b19cac12175161fc7,,,,,,,,
leaderboard-(.*),728x90,siamsport.co.th,siamsport.co.th/leaderboard,81cded6577753d91e46630a79d8142d6,,,,,,,,
billboard-(.*),970x250,siamsport.co.th,siamsport.co.th/billboard,c3db67f8eb975055504bf15dd06fc439,,,,,,,,
anchor,1000x100,siamsport.co.th,siamsport.co.th/anchor,3fdb35aaca880ae9a1c99299649805f0,,,,,,,,
mobile-unit-(.*),300x250,siamsport.co.th,siamsport.co.th/mobile-unit,8d441d426adeaea9fc671c162e42adc1,,,,,,,,
video,300x169,siamsport.co.th,siamsport.co.th/video,265cf0a4a050dc6a3778aff3b22fc844,,,,,,,,
interstitial,,siamsport.co.th,siamsport.co.th/interstitial,,,,,,,,,
left-rail-1,300x250,moneycontrol.com,moneycontrol.com/left-rail-1,0b6670e89fc5152f385f05dcace118a8,,,,,,,,
left-rail-2,300x600,moneycontrol.com,moneycontrol.com/left-rail-2,d38c91963367413b19cac12175161fc7,,,,,,,,
right-rail-1,300x250,moneycontrol.com,moneycontrol.com/right-rail-1,0b6670e89fc5152f385f05dcace118a8,,,,,,,,
right-rail-2,300x600,moneycontrol.com,moneycontrol.com/right-rail-2,d38c91963367413b19cac12175161fc7,,,,,,,,
leaderboard-(.*),728x90,moneycontrol.com,moneycontrol.com/leaderboard,81cded6577753d91e46630a79d8142d6,,,,,,,,
billboard-(.*),970x250,moneycontrol.com,moneycontrol.com/billboard,c3db67f8eb975055504bf15dd06fc439,,,,,,,,
anchor,1000x100,moneycontrol.com,moneycontrol.com/anchor,3fdb35aaca880ae9a1c99299649805f0,,,,,,,,
mobile-unit-(.*),300x250,moneycontrol.com,moneycontrol.com/mobile-unit,8d441d426adeaea9fc671c162e42adc1,,,,,,,,
video,300x169,moneycontrol.com,moneycontrol.com/video,265cf0a4a050dc6a3778aff3b22fc844,,,,,,,,
interstitial,,moneycontrol.com,moneycontrol.com/interstitial,,,,,,,,,
left-rail-1,300x250,talishar.net,talishar.net/left-rail-1,0b6670e89fc5152f385f05dcace118a8,,,83752,17019,,,,
left-rail-2,300x600,talishar.net,talishar.net/left-rail-2,d38c91963367413b19cac12175161fc7,,,83751,17018,,,,
right-rail-1,300x250,talishar.net,talishar.net/right-rail-1,0b6670e89fc5152f385f05dcace118a8,,,83753,17020,,,,
right-rail-2,300x600,talishar.net,talishar.net/right-rail-2,d38c91963367413b19cac12175161fc7,,,83755,17022,,,,
leaderboard-(.*),728x90,talishar.net,talishar.net/leaderboard,81cded6577753d91e46630a79d8142d6,,,83754,17021,,,,
billboard-(.*),970x250,talishar.net,talishar.net/billboard,c3db67f8eb975055504bf15dd06fc439,,,83756,17023,,,,
anchor,1000x100,talishar.net,talishar.net/anchor,3fdb35aaca880ae9a1c99299649805f0,,,83758,17025,,,,
mobile-unit-(.*),300x250,talishar.net,talishar.net/mobile-unit,8d441d426adeaea9fc671c162e42adc1,,,83757,17024,,,,
interstitial,,talishar.net,talishar.net/interstitial,,,,83758,17026,,,,
video,300x169,talishar.net,talishar.net/video,265cf0a4a050dc6a3778aff3b22fc844,,,83760,17027,,,,
left-rail-1,300x250,puzzmallow.com,puzzmallow.com/left-rail-1,0b6670e89fc5152f385f05dcace118a8,,,,17028,,,,
left-rail-2,300x600,puzzmallow.com,puzzmallow.com/left-rail-2,d38c91963367413b19cac12175161fc7,,,,17030,,,,
right-rail-1,300x250,puzzmallow.com,puzzmallow.com/right-rail-1,0b6670e89fc5152f385f05dcace118a8,,,,17029,,,,
right-rail-2,300x600,puzzmallow.com,puzzmallow.com/right-rail-2,d38c91963367413b19cac12175161fc7,,,,17031,,,,
leaderboard-(.*),728x90,puzzmallow.com,puzzmallow.com/leaderboard,81cded6577753d91e46630a79d8142d6,,,,17032,,,,
billboard-(.*),970x250,puzzmallow.com,puzzmallow.com/billboard,c3db67f8eb975055504bf15dd06fc439,,,,17033,,,,
anchor,1000x100,puzzmallow.com,puzzmallow.com/anchor,3fdb35aaca880ae9a1c99299649805f0,,,,17034,,,,
mobile-unit-(.*),300x250,puzzmallow.com,puzzmallow.com/mobile-unit,8d441d426adeaea9fc671c162e42adc1,,,,17035,,,,
interstitial,,puzzmallow.com,puzzmallow.com/interstitial,,,,,17036,,,,
video,300x169,puzzmallow.com,puzzmallow.com/video,265cf0a4a050dc6a3778aff3b22fc844,,,,17037,,,,
left-rail-1,300x250,pepper.ph,pepper.ph/left-rail-1,0b6670e89fc5152f385f05dcace118a8,,,,17038,,,,
left-rail-2,300x600,pepper.ph,pepper.ph/left-rail-2,d38c91963367413b19cac12175161fc7,,,,17040,,,,
right-rail-1,300x250,pepper.ph,pepper.ph/right-rail-1,0b6670e89fc5152f385f05dcace118a8,,,,17039,,,,
right-rail-2,300x600,pepper.ph,pepper.ph/right-rail-2,d38c91963367413b19cac12175161fc7,,,,17042,,,,
leaderboard-(.*),728x90,pepper.ph,pepper.ph/leaderboard,81cded6577753d91e46630a79d8142d6,,,,17041,,,,
billboard-(.*),970x250,pepper.ph,pepper.ph/billboard,c3db67f8eb975055504bf15dd06fc439,,,,17043,,,,
anchor,1000x100,pepper.ph,pepper.ph/anchor,3fdb35aaca880ae9a1c99299649805f0,,,,17045,,,,
mobile-unit-(.*),300x250,pepper.ph,pepper.ph/mobile-unit,8d441d426adeaea9fc671c162e42adc1,,,,17044,,,,
interstitial,,pepper.ph,pepper.ph/interstitial,,,,,17046,,,,
video,300x169,pepper.ph,pepper.ph/video,265cf0a4a050dc6a3778aff3b22fc844,,,,17047,,,,
left-rail-1,300x250,whichatlas.com,whichatlas.com/left-rail-1,0b6670e89fc5152f385f05dcace118a8,,,,17048,,,,
left-rail-2,300x600,whichatlas.com,whichatlas.com/left-rail-2,d38c91963367413b19cac12175161fc7,,,,17049,,,,
right-rail-1,300x250,whichatlas.com,whichatlas.com/right-rail-1,0b6670e89fc5152f385f05dcace118a8,,,,17050,,,,
right-rail-2,300x600,whichatlas.com,whichatlas.com/right-rail-2,d38c91963367413b19cac12175161fc7,,,,17051,,,,
leaderboard-(.*),728x90,whichatlas.com,whichatlas.com/leaderboard,81cded6577753d91e46630a79d8142d6,,,,17052,,,,
billboard-(.*),970x250,whichatlas.com,whichatlas.com/billboard,c3db67f8eb975055504bf15dd06fc439,,,,17053,,,,
anchor,1000x100,whichatlas.com,whichatlas.com/anchor,3fdb35aaca880ae9a1c99299649805f0,,,,17054,,,,
mobile-unit-(.*),300x250,whichatlas.com,whichatlas.com/mobile-unit,8d441d426adeaea9fc671c162e42adc1,,,,17055,,,,
interstitial,,whichatlas.com,whichatlas.com/interstitial,,,,,17057,,,,
video,300x169,whichatlas.com,whichatlas.com/video,265cf0a4a050dc6a3778aff3b22fc844,,,,17056,,,,
left-rail-1,300x250,omenspectate.com,omenspectate.com/left-rail-1,0b6670e89fc5152f385f05dcace118a8,,,,17373,,,,
left-rail-2,300x600,omenspectate.com,omenspectate.com/left-rail-2,d38c91963367413b19cac12175161fc7,,,,17374,,,,
right-rail-1,300x250,omenspectate.com,omenspectate.com/right-rail-1,0b6670e89fc5152f385f05dcace118a8,,,,17375,,,,
right-rail-2,300x600,omenspectate.com,omenspectate.com/right-rail-2,d38c91963367413b19cac12175161fc7,,,,17376,,,,
leaderboard-(.*),728x90,omenspectate.com,omenspectate.com/leaderboard,81cded6577753d91e46630a79d8142d6,,,,17378,,,,
billboard-(.*),970x250,omenspectate.com,omenspectate.com/billboard,c3db67f8eb975055504bf15dd06fc439,,,,17377,,,,
anchor,1000x100,omenspectate.com,omenspectate.com/anchor,3fdb35aaca880ae9a1c99299649805f0,,,,17380,,,,
mobile-unit-(.*),300x250,omenspectate.com,omenspectate.com/mobile-unit,8d441d426adeaea9fc671c162e42adc1,,,,17379,,,,
interstitial,,omenspectate.com,omenspectate.com/interstitial,,,,,17381,,,,
video,300x169,omenspectate.com,omenspectate.com/video,265cf0a4a050dc6a3778aff3b22fc844,,,,17382,,,,
left-rail-1,300x250,lolalytics.com,lolalytics.com/left-rail-1,0b6670e89fc5152f385f05dcace118a8,,,84915,18509,,,,
left-rail-2,300x600,lolalytics.com,lolalytics.com/left-rail-2,d38c91963367413b19cac12175161fc7,,,84917,18511,,,,
right-rail-1,300x250,lolalytics.com,lolalytics.com/right-rail-1,0b6670e89fc5152f385f05dcace118a8,,,84916,18510,,,,
right-rail-2,300x600,lolalytics.com,lolalytics.com/right-rail-2,d38c91963367413b19cac12175161fc7,,,84919,18513,,,,
leaderboard-(.*),728x90,lolalytics.com,lolalytics.com/leaderboard,81cded6577753d91e46630a79d8142d6,,,84918,18512,,,,
billboard-(.*),970x250,lolalytics.com,lolalytics.com/billboard,c3db67f8eb975055504bf15dd06fc439,,,84920,18514,,,,
anchor,1000x100,lolalytics.com,lolalytics.com/anchor,3fdb35aaca880ae9a1c99299649805f0,,,84921,18515,,,,
mobile-unit-(.*),300x250,lolalytics.com,lolalytics.com/mobile-unit,8d441d426adeaea9fc671c162e42adc1,,,84922,18516,,,,
interstitial,,lolalytics.com,lolalytics.com/interstitial,,,,84924,18518,,,,
video,300x169,lolalytics.com,lolalytics.com/video,265cf0a4a050dc6a3778aff3b22fc844,,,84923,18517,,,,
left-rail-1,300x250,nugget-ios.com,nugget-ios.com/left-rail-1,0b6670e89fc5152f385f05dcace118a8,,,,18519,,,,
left-rail-2,300x600,nugget-ios.com,nugget-ios.com/left-rail-2,d38c91963367413b19cac12175161fc7,,,,18520,,,,
right-rail-1,300x250,nugget-ios.com,nugget-ios.com/right-rail-1,0b6670e89fc5152f385f05dcace118a8,,,,18522,,,,
right-rail-2,300x600,nugget-ios.com,nugget-ios.com/right-rail-2,d38c91963367413b19cac12175161fc7,,,,18521,,,,
leaderboard-(.*),728x90,nugget-ios.com,nugget-ios.com/leaderboard,81cded6577753d91e46630a79d8142d6,,,,18523,,,,
billboard-(.*),970x250,nugget-ios.com,nugget-ios.com/billboard,c3db67f8eb975055504bf15dd06fc439,,,,18524,,,,
anchor,1000x100,nugget-ios.com,nugget-ios.com/anchor,3fdb35aaca880ae9a1c99299649805f0,,,,18526,,,,
mobile-unit-(.*),300x250,nugget-ios.com,nugget-ios.com/mobile-unit,8d441d426adeaea9fc671c162e42adc1,,,,18525,,,,
interstitial,,nugget-ios.com,nugget-ios.com/interstitial,,,,,18527,,,,
video,300x169,nugget-ios.com,nugget-ios.com/video,265cf0a4a050dc6a3778aff3b22fc844,,,,18528,,,,
left-rail-1,300x250,antimicro.net,antimicro.net/left-rail-1,0b6670e89fc5152f385f05dcace118a8,,,,18530,,,,
left-rail-2,300x600,antimicro.net,antimicro.net/left-rail-2,d38c91963367413b19cac12175161fc7,,,,18529,,,,
right-rail-1,300x250,antimicro.net,antimicro.net/right-rail-1,0b6670e89fc5152f385f05dcace118a8,,,,18531,,,,
right-rail-2,300x600,antimicro.net,antimicro.net/right-rail-2,d38c91963367413b19cac12175161fc7,,,,18532,,,,
leaderboard-(.*),728x90,antimicro.net,antimicro.net/leaderboard,81cded6577753d91e46630a79d8142d6,,,,18533,,,,
billboard-(.*),970x250,antimicro.net,antimicro.net/billboard,c3db67f8eb975055504bf15dd06fc439,,,,18534,,,,
anchor,1000x100,antimicro.net,antimicro.net/anchor,3fdb35aaca880ae9a1c99299649805f0,,,,18535,,,,
mobile-unit-(.*),300x250,antimicro.net,antimicro.net/mobile-unit,8d441d426adeaea9fc671c162e42adc1,,,,18536,,,,
interstitial,,antimicro.net,antimicro.net/interstitial,,,,,18537,,,,
video,300x169,antimicro.net,antimicro.net/video,265cf0a4a050dc6a3778aff3b22fc844,,,,18538,,,,
left-rail-1,300x250,strongmetrics.io,strongmetrics.io/left-rail-1,0b6670e89fc5152f385f05dcace118a8,,,,22767,,,,
left-rail-2,300x600,strongmetrics.io,strongmetrics.io/left-rail-2,d38c91963367413b19cac12175161fc7,,,,22768,,,,
right-rail-1,300x250,strongmetrics.io,strongmetrics.io/right-rail-1,0b6670e89fc5152f385f05dcace118a8,,,,22769,,,,
right-rail-2,300x600,strongmetrics.io,strongmetrics.io/right-rail-2,d38c91963367413b19cac12175161fc7,,,,22770,,,,
leaderboard-(.*),728x90,strongmetrics.io,strongmetrics.io/leaderboard,81cded6577753d91e46630a79d8142d6,,,,22772,,,,
billboard-(.*),970x250,strongmetrics.io,strongmetrics.io/billboard,c3db67f8eb975055504bf15dd06fc439,,,,22771,,,,
anchor,1000x100,strongmetrics.io,strongmetrics.io/anchor,3fdb35aaca880ae9a1c99299649805f0,,,,22773,,,,
mobile-unit-(.*),300x250,strongmetrics.io,strongmetrics.io/mobile-unit,8d441d426adeaea9fc671c162e42adc1,,,,22774,,,,
interstitial,,strongmetrics.io,strongmetrics.io/interstitial,,,,,22775,,,,
video,300x169,strongmetrics.io,strongmetrics.io/video,265cf0a4a050dc6a3778aff3b22fc844,,,,22776,,,,
left-rail-1,300x250,overlayedapps.com,overlayedapps.com/left-rail-1,0b6670e89fc5152f385f05dcace118a8,,,,,,,,
left-rail-2,300x600,overlayedapps.com,overlayedapps.com/left-rail-2,d38c91963367413b19cac12175161fc7,,,,,,,,
right-rail-1,300x250,overlayedapps.com,overlayedapps.com/right-rail-1,0b6670e89fc5152f385f05dcace118a8,,,,,,,,
right-rail-2,300x600,overlayedapps.com,overlayedapps.com/right-rail-2,d38c91963367413b19cac12175161fc7,,,,,,,,
leaderboard-(.*),728x90,overlayedapps.com,overlayedapps.com/leaderboard,81cded6577753d91e46630a79d8142d6,,,,,,,,
billboard-(.*),970x250,overlayedapps.com,overlayedapps.com/billboard,c3db67f8eb975055504bf15dd06fc439,,,,,,,,
anchor,1000x100,overlayedapps.com,overlayedapps.com/anchor,3fdb35aaca880ae9a1c99299649805f0,,,,,,,,
mobile-unit-(.*),300x250,overlayedapps.com,overlayedapps.com/mobile-unit,8d441d426adeaea9fc671c162e42adc1,,,,,,,,
interstitial,,overlayedapps.com,overlayedapps.com/interstitial,,,,,,,,,
video,300x169,overlayedapps.com,overlayedapps.com/video,265cf0a4a050dc6a3778aff3b22fc844,,,,,,,,
left-rail-1,300x250,jennymod.co,jennymod.co/left-rail-1,0b6670e89fc5152f385f05dcace118a8,,,,,,,,
left-rail-2,300x600,jennymod.co,jennymod.co/left-rail-2,d38c91963367413b19cac12175161fc7,,,,,,,,
right-rail-1,300x250,jennymod.co,jennymod.co/right-rail-1,0b6670e89fc5152f385f05dcace118a8,,,,,,,,
right-rail-2,300x600,jennymod.co,jennymod.co/right-rail-2,d38c91963367413b19cac12175161fc7,,,,,,,,
leaderboard-(.*),728x90,jennymod.co,jennymod.co/leaderboard,81cded6577753d91e46630a79d8142d6,,,,,,,,
billboard-(.*),970x250,jennymod.co,jennymod.co/billboard,c3db67f8eb975055504bf15dd06fc439,,,,,,,,
anchor,1000x100,jennymod.co,jennymod.co/anchor,3fdb35aaca880ae9a1c99299649805f0,,,,,,,,
mobile-unit-(.*),300x250,jennymod.co,jennymod.co/mobile-unit,8d441d426adeaea9fc671c162e42adc1,,,,,,,,
interstitial,,jennymod.co,jennymod.co/interstitial,,,,,,,,,
video,300x169,jennymod.co,jennymod.co/video,265cf0a4a050dc6a3778aff3b22fc844,,,,,,,,